-- 用户样例信息
INSERT INTO
    t_user_info(person_id, person_name, phone_number, position, wx_openid, gender, health_code_color, is_positive)
VALUES
       ('35341719961123514X', '张三', '14751432158', '湖南省:长沙市:岳麓区','oHbzp5xs8kZP0nMKMyJ6Wb0VKiNI', 0, 0, 0),
       ('457342192208107100', '姜洋', '18133654025', '湖南省:长沙市:芙蓉区','oHbzp5yIBhroac3en14rw9zhYVcI' , 0, 0, 0),
       ('725341186604107764', '贾芳', '18641528264','湖南省:长沙市:天心区', null, 1, 1, 0),
       ('73151418061117368X', '唐秀兰', '18655727623','湖南省:长沙市:开福区', null, 0, 1, 0),
       ('745221196308105087', '傅强', '18626544578','湖南省:长沙市:雨花区', null, 1, 2, 0),
       ('341435234546546544', 'fy','13317278715','湖南省:长沙市:岳麓区','oHbzp53Ax8GW3td4vmkV2Pp3H904', 0, 0, 0),
       ('463211645654654213', '曹操','17654983548','湖南省:长沙市:浏阳市',null,0,0,1),
       ('432164485556545854', '曹植','14765495136','湖南省:长沙市:宁乡市',null,0,0,1),
       ('564516651266865465', '曹丕','35748621593','湖南省:长沙市:长沙县',null,0,1,0),
       ('657841651849646845', '赵子龙','16453214786','湖南省:长沙市:岳麓区',null,0,2,1),
       ('897446161984965234', '貂蝉','16489326548','湖南省:长沙市:芙蓉区',null,1,0,0),
       ('981595735468899647', '甄姬','16478523456','湖南省:长沙市:天心区',null,1,1,1),
       ('213659846165426364', '孙尚香','19876542354','湖南省:长沙市:雨花区',null,1,2,0);

-- 用户关系样例信息
INSERT INTO
    t_user_relation(person_id_a, person_id_b, relation)
VALUES
       ('35341719961123514X', '457342192208107100', 0),
       ('725341186604107764', '73151418061117368X', 2),
       ('463211645654654213', '432164485556545854', 0),
       ('432164485556545854', '564516651266865465', 1),
       ('564516651266865465', '981595735468899647', 2);

-- institution_locate_area同样需要满足 :: 结构，具体根据查看地图api的情况进行修改
-- 疫苗检测信息
INSERT INTO
    t_covid_test_institution(institution_id, institution_locate_area, institution_name)
VALUES
       ('04466936245247713632', '江西省:萍乡市:上栗县', 'A医院'),
       ('46312353322876452624', '广西壮族自治区:防城港市:上思县', 'B医院'),
       ('74280262060094563874', '海南省:三沙市:中沙群岛的岛礁及其海域', 'C医院'),
       ('65527919204620368784', '山东省:菏泽市:定陶县',  'D医院'),
       ('65435849813546864613', '湖南省:长沙市:岳麓区',  '1医院'),
       ('31654984645645846454', '湖南省:长沙市:芙蓉区',  '2医院'),
       ('54986135487315654846', '湖南省:长沙市:天心区',  '3医院'),
       ('46854852346746982315', '湖南省:长沙市:望城区',  '4医院'),
       ('26843519647874316584', '湖南省:长沙市:雨花区',  '5医院'),
       ('79516423545844256468', '湖南省:长沙市:开福区',  '6医院');

-- 转运码信息
INSERT INTO t_transfer_code_info(transfer_code, tester_open_id, test_time, person_number, is_transferred)
VALUES
    ('JSON123456789','ojKoj52igjq_xw7MpIKZ4LUZJnH8','2022-11-13 16:58:14',1,0),
    ('JSON112322789','ojKoj52igjq_xw7MpIKZ4LUZJnH8','2022-11-13 16:58:14',1,0),
    ('JSON145674789','ojKoj52igjq_xw7MpIKZ4LUZJnH8','2022-11-13 16:58:14',1,0),
    ('JSON123789989','ojKoj52igjq_xw7MpIKZ4LUZJnH8','2022-11-13 16:58:14',1,0),
    ('JSON112333789','ojKoj52igjq_xw7MpIKZ4LUZJnH8','2022-11-13 16:58:14',1,0),
    ('JSON154777789','ojKoj52igjq_xw7MpIKZ4LUZJnH8','2022-11-13 16:58:14',1,0),
    ('JSON128579789','ojKoj52igjq_xw7MpIKZ4LUZJnH8','2022-11-13 16:58:14',1,0),
    ('JSON124698789','ojKoj52igjq_xw7MpIKZ4LUZJnH8','2022-11-13 16:58:14',1,0),
    ('JSON122537789','ojKoj52igjq_xw7MpIKZ4LUZJnH8','2022-11-13 16:58:14',1,0),
    ('JSON128749789','ojKoj52igjq_xw7MpIKZ4LUZJnH8','2022-11-13 16:58:14',1,0),
    ('JSON122543789','ojKoj52igjq_xw7MpIKZ4LUZJnH8','2022-11-13 16:58:14',1,0);

-- 核酸检测信息
INSERT INTO
    t_nucleic_acid_test_info(person_id, test_time, test_institution_id, transfer_code, test_result)
VALUES
       ('35341719961123514X', '1992-07-06 15:12:09', '04466936245247713632', 'JSON123456789', '0'),
       ('457342192208107100', '1994-03-18 18:03:04', '46312353322876452624', 'JSON112322789', '1'),
       ('457342192208107100', '2008-09-24 13:56:58', '74280262060094563874', 'JSON154777789', '0'),
       ('457342192208107100', '2021-03-02 14:14:14', '46312353322876452624', 'JSON122543789', '0'),
       ('341435234546546544', '2022-11-16 17:56:25', '46312353322876452624', 'JSON145674789', '0'),
       ('341435234546546544', '2022-11-17 23:17:54', '46312353322876452624', 'JSON123789989', '1'),
       ('341435234546546544', '2022-11-20 21:37:12', '46312353322876452624', 'JSON112333789', '0'),
       ('457342192208107100', '2022-11-24 19:18:43', '46312353322876452624', 'JSON128579789', '1'),
       ('463211645654654213', '2022-11-26 18:28:08', '46312353322876452624', 'JSON124698789', '0'),
       ('432164485556545854', '2022-11-27 00:01:12', '46312353322876452624', 'JSON122537789', '1'),
       ('564516651266865465', '2022-11-30 22:07:57', '46312353322876452624', 'JSON128749789', '0');

-- 管理员信息
INSERT INTO
    t_account(account_id, username, password,category)
VALUES
       ('1','admin','123456',2),
       ('2','admin2','123456',2),
       ('3','admin3','123456',2);

-- 疫苗接种信息
INSERT INTO
    t_vaccine_inoculation_info(person_id, inoculation_time, inoculation_facility, vaccine_name, inoculation_number)
VALUES
    ('457342192208107100', '2020-01-15 08:06:34', '湖南大学校医院', '北京科兴', 1),
    ('457342192208107100', '2021-08-25 09:41:56', '长沙第一医院', '长沙生物', 2),
    ('341435234546546544', '2022-11-29 14:14:14', '长沙第一医院','长沙生物',1),
    ('341435234546546544', '2022-12-05 14:14:14', '长沙第二医院','湖南科技',2),
    ('341435234546546544', '2022-02-11 14:30:24', '湖南大学校医院','北京科兴',3),
    ('341435234546546544', '2022-03-21 17:54:42', '湖南大学校医院','北京科兴',4),
    ('457342192208107100', '2021-04-16 13:20:16', '长沙第一医院','长沙生物',3),
    ('457342192208107100', '2021-07-27 16:06:37', '长沙第一医院','长沙生物',4),
    ('657841651849646845', '2020-11-21 15:27:45', '长沙第二医院','湖南科技',2),
    ('213659846165426364', '2020-12-13 16:19:07', '长沙第三医院','湖南科技',2);


-- 核酸检测人员身份认证信息
INSERT INTO
    t_identity_application(application_id, open_id, applicant_name, applicant_person_id, applicant_phone, additional_information, apply_type, is_processed, is_succeed, result_info)
VALUES
    ('341435234546546544', 'oHbzp53Ax8GW3td4vmkV2Pp3H904', 'fy','341435234546546544','13317278716','2428935897293745',0,0,0,null),
    ('341435234236546544', 'oHbzp53Ax8GW3td4vmkV2Pp3H904', 'fy','341435234546546544','13317278716','2428935897293745',0,0,0,null),
    ('343455231546546544', 'oHbzp53Ax8GW3td4vmkV2Pp3H904', 'fy','341435234546546544','13317278716','2428935897293745',0,0,0,null),
    ('341435234516136544', 'oHbzp53Ax8GW3td4vmkV2Pp3H904', 'fy','341435234546546544','13317278716','2428935897293745',0,0,0,null),
    ('341435434546546544', 'oHbzp53Ax8GW3td4vmkV2Pp3H904', 'fy','341435234546546544','13317278716','2428935897293745',0,0,0,null),
    ('341435634546546544', 'oHbzp53Ax8GW3td4vmkV2Pp3H904', 'fy','341435234546546544','13317278716','2428935897293745',0,0,0,null),
    ('341436634546543544', 'oHbzp53Ax8GW3td4vmkV2Pp3H904', 'fy','341435234546546544','13317278716','2428935897293745',0,0,0,null),
    ('341435234546542344', 'oHbzp53Ax8GW3td4vmkV2Pp3H904', 'fy','341435234546546544','13317278716','2428935897293745',0,0,0,null),
    ('341433234546523442', 'oHbzp53Ax8GW3td4vmkV2Pp3H904', 'fy','341435234546546544','13317278716','2428935897293745',0,0,0,null),
    ('341434234543425124', 'oHbzp53Ax8GW3td4vmkV2Pp3H904', 'fy','341435234546546544','13317278716','2428935897293745',0,0,0,null),
    ('341455234546542344', 'oHbzp53Ax8GW3td4vmkV2Pp3H904', 'fy','341435234546546544','13317278716','2428935897293745',0,0,0,null),
    ('457342192208107100', 'oHbzp5yIBhroac3en14rw9zhYVcI', '姜洋','457342192208107100','18133654025','2428935897293745',0,0,0,null);


-- 核酸测试人员信息
INSERT INTO
    t_tester(open_id, person_id, name, phone)
VALUES
    ('ojKoj52igjq_xw7MpIKZ4LUZJnH8','341435234546546544','fy',14726539856),
    ('oHuj10yIBhfyjn14rw9gskjsajkiI','321656489621646658','孙权',13317278715),
    ('oHujp9yIBhfyjn14rw9gskjsajkiI','341435234546546544','曹孟德',13546879568),
    ('oHujp6yIBhfyjn14rw9gskjsajkiI','654653426845625632','董卓',16578946253);


-- 异常信息申诉表
INSERT INTO
    t_abnormal_info_application(application_id, person_name, person_phone, person_id,  additional_information, type, is_investigated, is_processed, result)
VALUES
       ('341414893546542344', 'fy', '114514514', '341435234546546544', null, 0, 0, 0, null),
       ('341414893541241244', 'fy', '114514514', '341435234546546544', null, 1, 0, 0, null),
       ('341411234546542344', 'fy', '114514514', '341435234546546544', null, 2, 0, 0, null),
       ('341414123445542344', 'fy', '114514514', '341435234546546544', null, 3, 0, 0, null),
       ('457342192126124100', '姜洋', '114514514', '457342192208107100', null, 0, 1, 1, null),
       ('457342192208112410', '姜洋', '114514514', '457342192208107100', null, 1, 0, 1, null),
       ('457342192208115100', '姜洋', '114514514', '457342192208107100', null, 2, 0, 0, null),
       ('457312342208107100', '姜洋', '114514514', '457342192208107100', null, 3, 0, 0, null),
       ('463211645654654213', '曹操', '114514514', '463211645654654213',null, 0, 0, 0, null),
       ('432164485556545854', '曹植', '114514514', '463211698734654213', null, 1, 0, 0, null),
       ('564516651266865465', '曹丕', '114514514', '894311645654654213', null, 2, 0, 0, null),
       ('657841651849646845', '赵子龙', '114514514', '4632116456546489731', null, 3, 0, 0, null);

-- 异地报备
INSERT INTO
    t_remote_reporting(report_id, person_name, person_id, img_url, _from, _to, is_checked, is_allowed, additional_info)
VALUES
       ('4136878935465423441', 'fy', '341435234546546544', '', '湖南省','湖北省', 0, 0, null),
       ('1596867897987297281', '姜洋', '457342192208107100', '', '河南省', '北京市', 0, 0, null),
       ('1597117024788553730', '姜洋', '457342192208107100', '','北京市', '湖南省', 0, 0, null),
       ('1599660788505706498', 'fy', '341435234546546544', '', '天津市', '山西省', 0, 0, null),
       ('3216548713254565441', 'fy', '341435234546546544', '', '新疆维吾尔自治区', '湖南省', 0, 0, null),
       ('8795648488494496455', 'fy', '341435234546546544', '', '上海市', '北京市', 0, 0, null),
       ('1364952356413874464', '姜洋', '457342192208107100', '', '广东省', '浙江市', 0, 0, null),
       ('3168426845618415956', '姜洋', '457342192208107100', '', '四川省', '湖南省', 0, 0, null),
       ('7642358164945231645', '曹操', '463211645654654213', '', '河南省', '湖北市', 0, 0, null),
       ('8465428465856854135', '赵子龙', '657841651849646845', '', '江西省', '重庆市', 0, 0, null);

-- 绑定家属健康码
INSERT INTO
    t_bind_family_application(application_id, applicant_name, applicant_person_id, relative_name, relative_person_id, additional_information, relation_type, is_processed, is_succeed, result_info)
VALUES
       ('1597569829328482306', 'fy', '341435234546546544', '姜洋', '457342192208107100', null, 0, 0, 0, null),
       ('413676711737197344', 'abc', '49878464876376487','efg', '182347486976884025', null, 1, 0, 0, null),
       ('534676711737197344', 'yq', '6543378348768467' ,'cv', '4123474987840257', null, 2, 0, 0, null);


-- 场所码申请
INSERT INTO
    t_venue_code_application(application_id, applicant_name, applicant_person_id, position, location, type, place_name, is_solved, is_passed, result_info, venue_id)
VALUES
       ('2479569829328482306', 'fy', '341435234546546544', '湖南省:长沙市:岳麓区', '', '饭店', 'A饭店', 1, 1, null, null),
       ('4684861378766789451', '姜洋', '457342192208107100', '湖南省:长沙市:岳麓区', '阜埠河路', '饭店', 'B饭店', 1, 1, null, null),
       ('1654645615654781436', 'fy', '341435234546546544', '湖南省:长沙市:岳麓区', '桃园街', '便利店', 'R便利店', 0, 0, null, null),
       ('5464984894564614825', 'fy', '341435234546546544', '湖南省:长沙市:雨花区', '长坂坡', '旅馆', 'B旅馆', 0, 0, null, null),
       ('9746542345545186158', 'fy', '341435234546546544', '湖南省:长沙市:望城区', '落凤坡', '超市', 'C超市', 0, 0, null, null),
       ('6318986535956381841', '姜洋', '457342192208107100', '湖南省:长沙市:长沙县', '桃花路', '教学楼', '幸福教学楼', 0, 0, null, null),
       ('8613497621594791856', '姜洋', '457342192208107100', '湖南省:湘潭市:雨湖区', '赤壁路', '地铁口', '五号地铁口', 0, 0, null, null),
       ('3564861398764368785', '姜洋', '457342192208107100', '湖南省:长沙市:浏阳市', '', '公交车', '三号线公交车', 0, 0, null, null),
       ('1456621387554791836', '曹操', '341435234546546544', '湖南省:长沙市:岳麓区', '华阴道', '小吃店', '真好吃店', 0, 0, null, null),
       ('7456184564861179984', '赵子龙', '341435234546546544', '湖南省:长沙市:岳麓区', '街亭', '事务所', 'W事务所', 0, 0, null, null);

-- 场所码表
INSERT INTO
    t_venue_code_info(code_id, venue_name, venue_type, venue_position, venue_location)
VALUES
       ('67681357681345', 'B饭店', '饭店', '湖南省:长沙市:岳麓区', '阜埠河路'),
       ('75452168456845', 'R便利店', '便利店', '湖南省:长沙市:岳麓区', '桃园街'),
       ('94621387464567', 'B旅馆', '旅馆', '湖南省:长沙市:雨花区', '长坂坡'),
       ('31648526497546', 'C超市', '超市', '湖南省:长沙市:望城区', '落凤坡'),
       ('14789632154896', '幸福教学楼', '教学楼', '湖南省:长沙市:长沙县', '桃花路'),
       ('35795468426745', '五号地铁口', '地铁口', '湖南省:湘潭市:雨湖区', '赤壁路'),
       ('65498732165877', '三号线公交车', '公交车', '湖南省:长沙市:浏阳区', '公交车'),
       ('46852136975456', '真好吃店', '小吃店', '湖南省:长沙市:岳麓区', '华阴道'),
       ('59632148654574', 'W事务所', '事务所', '湖南省:长沙市:岳麓区', '街亭');

-- 行程信息
INSERT INTO
    t_itinerary_information(person_id, venue_id, record_time)
VALUES
       ('457342192208107100', '67681357681345', '2022-08-09 12:13:14'),
       ('457342192208107100', '75452168456845', '2022-08-09 17:26:44'),
       ('457342192208107100', '94621387464567', '2022-08-10 07:45:10'),
       ('457342192208107100', '31648526497546', '2022-08-10 14:59:13'),
       ('457342192208107100', '14789632154896', '2022-08-10 19:04:39'),
       ('457342192208107100', '35795468426745', '2022-08-11 21:33:41'),
       ('457342192208107100', '65498732165877', '2022-08-12 09:30:24'),
       ('457342192208107100', '46852136975456', '2022-08-13 08:53:04'),
       ('457342192208107100', '59632148654574', '2022-08-13 19:48:14'),
       ('341435234546546544', '67681357681345', '2022-10-29 09:02:51'),
       ('341435234546546544', '75452168456845', '2022-10-29 11:23:34'),
       ('341435234546546544', '94621387464567', '2022-10-29 14:42:51'),
       ('341435234546546544', '31648526497546', '2022-10-30 07:09:04'),
       ('341435234546546544', '14789632154896', '2022-11-01 12:30:24'),
       ('341435234546546544', '35795468426745', '2022-11-02 22:12:21'),
       ('341435234546546544', '65498732165877', '2022-11-04 08:13:14'),
       ('341435234546546544', '46852136975456', '2022-11-05 15:25:31'),
       ('341435234546546544', '59632148654574', '2022-11-05 16:56:01');

-- 采集点信息
INSERT INTO
    t_collection_point_information(collection_point_id, collection_point_position, collection_point_location, collection_point_institution, collection_point_principal, collection_point_contact_phone)
VALUES
       ('1597569829328482306', '湖南省:长沙市:岳麓区', '湖南大学天马学生公寓', '篮球场', '负责人', '18157815593');

-- 家属关系
INSERT INTO
    t_user_relation(person_id_a, person_id_b, relation)
VALUES
       ('341435234546546544', '457342192208107100', 0),
       ('457342192208107100', '341435234546546544', 0);


INSERT INTO
    t_regional_risk_profile(profile_id, province, city, district, risk_level, red_code_number, yellow_code_number, positive_number)
VALUES
        ('678137861789463461', '湖南省', '长沙市', '岳麓区', 1, 84, 1423, 79),
        ('498413687616878167', '湖南省', '长沙市', '天心区', 1, 24, 571, 24),
        ('987167667487318167', '湖南省', '长沙市', '芙蓉区', 1, 34, 657, 34),
        ('987124167487318167', '湖南省', '株洲市', '天元区', 1, 36, 449, 28),
        ('467169764679849797', '湖北省', '武汉市', '江岸区', 2, 486, 16463, 411);